{
  "format_version": "1.20.60",
  "minecraft:biome": {
    "description": {
      "identifier": "cherry_grove"
    },
    "components": {
      "minecraft:climate": {
        "downfall": 0.8,
        "temperature": 0.3
      },
      "minecraft:surface_parameters": {
        "sea_floor_depth": 7,
        "sea_floor_material": "minecraft:gravel",
        "foundation_material": "minecraft:stone",
        "mid_material": "minecraft:dirt",
        "top_material": "minecraft:grass_block",
        "sea_material": "minecraft:water"
      },
      "minecraft:mountain_parameters": {
        "top_slide": {
          "enabled": false
        }
      },
      "minecraft:tags": {
        "tags": [
          "mountains",
          "monster",
          "overworld",
          "cherry_grove",
          "bee_habitat"
        ]
      }
    }
  }
}
