{
  "format_version": "1.20.60",
  "minecraft:biome": {
    "description": {
      "identifier": "bamboo_jungle_hills"
    },
    "components": {
      "minecraft:climate": {
        "downfall": 0.9,
        "snow_accumulation": [ 0.0, 0.125 ],
        "temperature": 0.95
      },
      "minecraft:overworld_height": {
        "noise_type": "mountains"
      },
      "minecraft:surface_parameters": {
        "sea_floor_depth": 7,
        "sea_floor_material": "minecraft:gravel",
        "foundation_material": "minecraft:stone",
        "mid_material": "minecraft:dirt",
        "top_material": "minecraft:grass_block",
        "sea_material": "minecraft:water"
      },

      "minecraft:tags": {
        "tags": [
          "animal",
          "bamboo",
          "hills",
          "jungle",
          "monster",
          "overworld",
          "spawns_warm_variant_farm_animals"
        ]
      }
    }
  }
}
