{
  "format_version": "1.16.0",
  "minecraft:ore_feature": {
    "description": {
      "identifier": "minecraft:dripstone_caves_copper_ore_feature"
    },
    "count": 20,
    "replace_rules": [
      {
        "places_block": "minecraft:copper_ore",
        "may_replace": [
          {
            "name": "minecraft:stone"
          }
        ]
      },
      {
        "places_block": "minecraft:deepslate_copper_ore",
        "may_replace": [
          {
            "name": "minecraft:deepslate"
          }
        ]
      }
    ]
  }
}